,avg_runtime,avg_querytime,markov_hit,maxent_hit,racz_throughput,avg_createtime,simple,maxent_time,racz_hit,maxent_throughput,avg_mergetime,racz_time,racz,markov_time,simple_throughput,simple_time,simple_hit,markov_throughput,markov,overall_throughput
0,9.247726,6.282106,4297.0,4297.0,Infinity,2.8585279999999997,False,0.999949,4297.0,684.0976400000001,0.021755,0.0,False,0.0,13514157.089328,5.1e-05,4297.0,Infinity,False,684.063012
1,8.143391000000001,5.2364,3630.0,3630.0,Infinity,2.799337,True,0.999928,3630.0,693.3267639999999,0.023368,0.0,False,0.0,11441801.451327,7.2e-05,4297.0,Infinity,False,820.664303
2,2.9440939999999998,0.054083000000000006,3630.0,34.0,Infinity,2.799916,True,0.891086,34.0,708.911119,0.021121,0.0,False,0.105066,20746040.843746,0.003848,4297.0,641912.376460,True,79835.788037
3,2.973519,0.013609999999999999,3630.0,4.0,30629.331085,2.872201,True,0.45723100000000005,34.0,656.093737,0.021431,0.08325,True,0.443208,19756949.043812,0.016311000000000003,4297.0,614243.744359,True,322260.431527
4,3.8058970000000003,0.038357999999999996,,,,3.2525150000000003,,,,,0.44237600000000005,,,,,,,,,
